Object ID,Class Label,Estimated Distance (cm),Ground Truth Distance (cm),Error (cm)
3,C - N -B - L,15.823299198827241,15.5,0.32329919882724134
3,C - N -B - L,15.53852445913201,15.5,0.038524459132009525
3,C - N -B - L,15.664320710516764,15.5,0.16432071051676367
3,C - N -B - L,15.488181135180348,15.5,0.01181886481965222
3,C - N -B - L,15.49369382127108,15.5,0.006306178728920031
3,C - N -B - L,15.770427245523251,15.5,0.27042724552325126
3,C - N -B - L,15.60153521089112,15.5,0.10153521089111983
3,C - N -B - L,15.346253402962814,15.5,0.15374659703718585
3,C - N -B - L,15.592156899901203,15.5,0.09215689990120346
3,C - N -B - L,15.572788605287949,15.5,0.07278860528794873
3,C - N -B - L,15.286060019406317,15.5,0.21393998059368258
3,C - N -B - L,15.76419924347806,15.5,0.26419924347806045
3,C - N -B - L,15.685624538330531,15.5,0.18562453833053105
3,C - N -B - L,15.36276825529961,15.5,0.13723174470039012
3,C - N -B - L,15.313651069920477,15.5,0.18634893007952336
3,C - N -B - L,15.691603082083182,15.5,0.19160308208318177
3,C - N -B - L,15.555351942384023,15.5,0.05535194238402319
3,C - N -B - L,15.448729425267915,15.5,0.05127057473208474
3,C - N -B - L,15.399286878019991,15.5,0.10071312198000903
3,C - N -B - L,15.344568195562198,15.5,0.1554318044378018
3,C - N -B - L,15.661628931615855,15.5,0.161628931615855
3,C - N -B - L,15.621818844282178,15.5,0.12181884428217771
3,C - N -B - L,15.582660992840022,15.5,0.08266099284002237
3,C - N -B - L,15.456727868861641,15.5,0.043272131138358816
3,C - N -B - L,15.719278319560106,15.5,0.21927831956010557
3,C - N -B - L,15.37535071182542,15.5,0.12464928817458087
3,C - N -B - L,15.621401180639216,15.5,0.12140118063921612
3,C - N -B - L,15.315869753250116,15.5,0.1841302467498842
3,C - N -B - L,15.52330678840502,15.5,0.02330678840501932
3,C - N -B - L,15.502106832154492,15.5,0.0021068321544923663
3,C - N -B - L,15.490805658665314,15.5,0.009194341334685774
3,C - N -B - L,15.375800175218675,15.5,0.12419982478132496
3,C - N -B - L,15.52122960210435,15.5,0.02122960210435032
3,C - N -B - L,15.362106327520076,15.5,0.13789367247992423
3,C - N -B - L,15.458805580688288,15.5,0.04119441931171153
3,C - N -B - L,15.704338828688757,15.5,0.20433882868875664
3,C - N -B - L,15.500413362376259,15.5,0.0004133623762587746
3,C - N -B - L,15.537382547367324,15.5,0.03738254736732394
3,C - N -B - L,15.536920385074803,15.5,0.03692038507480255
3,C - N -B - L,15.366163645231179,15.5,0.13383635476882105
3,C - N -B - L,15.49694245969177,15.5,0.0030575403082302444
3,C - N -B - L,15.226700573487962,15.5,0.27329942651203787
3,C - N -B - L,15.41966754016223,15.5,0.08033245983776993
3,C - N -B - L,15.542043820057033,15.5,0.04204382005703344
3,C - N -B - L,15.659977867587163,15.5,0.1599778675871626
3,C - N -B - L,15.725499086930272,15.5,0.22549908693027199
3,C - N -B - L,15.658082534340044,15.5,0.1580825343400445
3,C - N -B - L,15.456876213044792,15.5,0.04312378695520813
3,C - N -B - L,15.683887474481915,15.5,0.18388747448191545
3,C - N -B - L,15.7154056177435,15.5,0.21540561774349953
3,C - N -B - L,15.473986575398722,15.5,0.026013424601277535
3,C - N -B - L,15.373225761354183,15.5,0.12677423864581705
3,C - N -B - L,15.678664892693854,15.5,0.17866489269385433
3,C - N -B - L,15.630760257382027,15.5,0.13076025738202723
3,C - N -B - L,15.589927104400576,15.5,0.0899271044005765
3,C - N -B - L,15.41224061106461,15.5,0.0877593889353907
3,C - N -B - L,15.246575165827723,15.5,0.2534248341722769
3,C - N -B - L,15.379018385484345,15.5,0.12098161451565481
3,C - N -B - L,15.752353178617755,15.5,0.25235317861775464
3,C - N -B - L,15.752048333782458,15.5,0.25204833378245795
3,C - N -B - L,15.437222935489125,15.5,0.06277706451087539
3,C - N -B - L,15.525477591323126,15.5,0.025477591323125992
3,C - N -B - L,15.390389528591093,15.5,0.10961047140890656
3,C - N -B - L,15.54017179836789,15.5,0.04017179836788998
3,C - N -B - L,15.403681803009817,15.5,0.09631819699018251
3,C - N -B - L,15.500622156892774,15.5,0.0006221568927742283
3,C - N -B - L,15.665352750174229,15.5,0.1653527501742289
3,C - N -B - L,15.177099160195889,15.5,0.32290083980411133
3,C - N -B - L,15.362493332295148,15.5,0.13750666770485154
3,C - N -B - L,15.615204899613316,15.5,0.1152048996133157
3,C - N -B - L,15.712115845265483,15.5,0.21211584526548322
3,C - N -B - L,15.512483263795387,15.5,0.01248326379538689
3,C - N -B - L,15.596896607652637,15.5,0.09689660765263675
3,C - N -B - L,15.852036095880006,15.5,0.3520360958800062
3,C - N -B - L,15.573147042707486,15.5,0.07314704270748607
3,C - N -B - L,15.432905546714522,15.5,0.06709445328547758
3,C - N -B - L,15.390677078881664,15.5,0.10932292111833597
3,C - N -B - L,15.79044871427086,15.5,0.2904487142708607
3,C - N -B - L,15.627512952467633,15.5,0.12751295246763306
3,C - N -B - L,15.091442133909855,15.5,0.40855786609014544
3,C - N -B - L,15.463772287426057,15.5,0.036227712573943194
3,C - N -B - L,15.683910319498983,15.5,0.18391031949898284
3,C - N -B - L,15.620044089877812,15.5,0.1200440898778119
3,C - N -B - L,15.829004199734388,15.5,0.32900419973438844
3,C - N -B - L,15.622490390634216,15.5,0.12249039063421563
3,C - N -B - L,15.52752488624229,15.5,0.02752488624228988
3,C - N -B - L,15.548932716614683,15.5,0.0489327166146829
3,C - N -B - L,15.385412683198735,15.5,0.11458731680126455
3,C - N -B - L,15.262756145158562,15.5,0.23724385484143795
3,C - N -B - L,15.578530736504007,15.5,0.07853073650400688
3,C - N -B - L,15.579398861894266,15.5,0.0793988618942656
3,C - N -B - L,15.424049488311562,15.5,0.07595051168843803
3,C - N -B - L,15.38349907903038,15.5,0.11650092096962084
3,C - N -B - L,15.447655760954218,15.5,0.052344239045782004
3,C - N -B - L,15.584591601419826,15.5,0.08459160141982558
3,C - N -B - L,15.294914707344281,15.5,0.20508529265571873
3,C - N -B - L,15.703914123428863,15.5,0.20391412342886284
3,C - N -B - L,15.416744786355208,15.5,0.08325521364479194
3,C - N -B - L,15.40710002807374,15.5,0.09289997192625954
3,C - N -B - L,15.371249357208885,15.5,0.1287506427911147
3,C - N -B - L,15.464331955545836,15.5,0.03566804445416416
3,C - N -B - L,15.449770936754144,15.5,0.05022906324585641
3,C - N -B - L,15.58914550469089,15.5,0.08914550469089022
3,C - N -B - L,15.729118763115869,15.5,0.22911876311586887
3,C - N -B - L,15.499732508192691,15.5,0.00026749180730867295
3,C - N -B - L,15.71684290942881,15.5,0.21684290942880935
3,C - N -B - L,15.63909210123569,15.5,0.13909210123568982
3,C - N -B - L,15.524229201549119,15.5,0.024229201549118784
3,C - N -B - L,15.564767014760939,15.5,0.06476701476093893
3,C - N -B - L,15.697386108061705,15.5,0.1973861080617052
3,C - N -B - L,15.459889357248331,15.5,0.04011064275166909
3,C - N -B - L,15.445328470389478,15.5,0.054671529610521574
3,C - N -B - L,15.53206149875374,15.5,0.032061498753739315
3,C - N -B - L,15.502518459865152,15.5,0.0025184598651524226
3,C - N -B - L,15.545225560928165,15.5,0.045225560928164654
3,C - N -B - L,15.589828432788083,15.5,0.08982843278808339
3,C - N -B - L,15.8144361666685,15.5,0.31443616666850005
3,C - N -B - L,15.675185755361422,15.5,0.17518575536142222
3,C - N -B - L,15.643285705130088,15.5,0.1432857051300882
3,C - N -B - L,15.623889361101984,15.5,0.12388936110198401
3,C - N -B - L,15.463832567192966,15.5,0.036167432807033606
3,C - N -B - L,15.40651457772386,15.5,0.09348542227614054
3,C - N -B - L,15.660027973592117,15.5,0.16002797359211662
3,C - N -B - L,15.381524427193444,15.5,0.11847557280655607
3,C - N -B - L,15.719897289668408,15.5,0.21989728966840794
3,C - N -B - L,15.341203262372849,15.5,0.15879673762715107
3,C - N -B - L,15.434794798527603,15.5,0.06520520147239672
3,C - N -B - L,15.62089807130182,15.5,0.12089807130181995
3,C - N -B - L,15.556447372475615,15.5,0.056447372475615154
3,C - N -B - L,15.719612714730255,15.5,0.21961271473025512
3,C - N -B - L,15.53214727771328,15.5,0.032147277713280076
3,C - N -B - L,15.439164793428079,15.5,0.06083520657192132
3,C - N -B - L,15.648497735324485,15.5,0.14849773532448474
3,C - N -B - L,15.540464652522784,15.5,0.040464652522784306
3,C - N -B - L,15.50749032743129,15.5,0.007490327431289856
3,C - N -B - L,15.529426497899296,15.5,0.029426497899295967
3,C - N -B - L,15.652600818537955,15.5,0.15260081853795526
3,C - N -B - L,15.579681603141054,15.5,0.07968160314105432
3,C - N -B - L,15.686038461486874,15.5,0.18603846148687353
3,C - N -B - L,15.509284273965047,15.5,0.009284273965047163
3,C - N -B - L,15.60320627452705,15.5,0.10320627452705011
3,C - N -B - L,15.655260880008846,15.5,0.1552608800088464
3,C - N -B - L,15.5842996596122,15.5,0.08429965961219921
3,C - N -B - L,15.4508458453134,15.5,0.04915415468659923
3,C - N -B - L,15.7379251721104,15.5,0.23792517211039943
3,C - N -B - L,15.608033504781828,15.5,0.10803350478182772
3,C - N -B - L,15.812051457734222,15.5,0.3120514577342224
3,C - N -B - L,15.571760361133483,15.5,0.07176036113348339
3,C - N -B - L,15.390963382796665,15.5,0.10903661720333524
3,C - N -B - L,15.714207747846842,15.5,0.21420774784684227
3,C - N -B - L,15.679642720195229,15.5,0.1796427201952291
3,C - N -B - L,15.267809193134623,15.5,0.2321908068653773
3,C - N -B - L,15.620991309195919,15.5,0.12099130919591872
3,C - N -B - L,15.60719062450944,15.5,0.10719062450944072
3,C - N -B - L,15.61708921903216,15.5,0.11708921903215952
3,C - N -B - L,15.65746516988811,15.5,0.15746516988811088
3,C - N -B - L,15.746390765012027,15.5,0.24639076501202695
3,C - N -B - L,15.43714104731435,15.5,0.06285895268564978
3,C - N -B - L,15.688722310302769,15.5,0.18872231030276865
3,C - N -B - L,15.674074843568476,15.5,0.17407484356847647
3,C - N -B - L,15.566643038168282,15.5,0.06664303816828188
3,C - N -B - L,15.501824667769785,15.5,0.001824667769785293
3,C - N -B - L,15.373418287270344,15.5,0.12658171272965646
3,C - N -B - L,15.604837634720848,15.5,0.10483763472084817
3,C - N -B - L,15.581720348907828,15.5,0.08172034890782776
3,C - N -B - L,15.506008129814983,15.5,0.006008129814983221
3,C - N -B - L,15.415146524221782,15.5,0.08485347577821756
3,C - N -B - L,15.528729335514535,15.5,0.028729335514535492
3,C - N -B - L,15.396621247977041,15.5,0.10337875202295876
3,C - N -B - L,15.536130961455651,15.5,0.03613096145565109
3,C - N -B - L,15.578032316538225,15.5,0.07803231653822529
3,C - N -B - L,15.630281178855055,15.5,0.1302811788550553
3,C - N -B - L,15.816046948820405,15.5,0.3160469488204054
3,C - N -B - L,15.46239105774568,15.5,0.037608942254319544
3,C - N -B - L,15.652194508887371,15.5,0.15219450888737107
3,C - N -B - L,15.566928531680022,15.5,0.06692853168002166
3,C - N -B - L,15.50250570577369,15.5,0.0025057057736894706
3,C - N -B - L,15.554398542944941,15.5,0.0543985429449414
3,C - N -B - L,15.667898595273138,15.5,0.16789859527313844
3,C - N -B - L,15.58567375045746,15.5,0.08567375045745962
3,C - N -B - L,15.653717791199451,15.5,0.15371779119945117
3,C - N -B - L,15.438742925075701,15.5,0.061257074924299104
3,C - N -B - L,15.624381651041213,15.5,0.12438165104121346
3,C - N -B - L,15.550092688242714,15.5,0.050092688242713734
3,C - N -B - L,15.304501829594589,15.5,0.1954981704054113
3,C - N -B - L,15.663675510644325,15.5,0.16367551064432462
3,C - N -B - L,15.628184340387154,15.5,0.1281843403871541
3,C - N -B - L,15.51488704498966,15.5,0.01488704498965987
3,C - N -B - L,15.327270161461534,15.5,0.17272983853846569
3,C - N -B - L,15.445901997558142,15.5,0.05409800244185803
3,C - N -B - L,15.506249932640534,15.5,0.006249932640534084
3,C - N -B - L,15.625613807370181,15.5,0.1256138073701809
3,C - N -B - L,15.613696865802599,15.5,0.11369686580259852
3,C - N -B - L,15.558023367261592,15.5,0.058023367261592185
3,C - N -B - L,15.345092400991593,15.5,0.154907599008407
3,C - N -B - L,15.434923757300044,15.5,0.0650762426999556
3,C - N -B - L,15.774237980794325,15.5,0.27423798079432515
3,C - N -B - L,15.630613743104917,15.5,0.13061374310491658
3,C - N -B - L,15.434552058448737,15.5,0.06544794155126255
3,C - N -B - L,15.27039946564884,15.5,0.22960053435116023
3,C - N -B - L,15.67306511964446,15.5,0.1730651196444608
3,C - N -B - L,15.603605522446568,15.5,0.10360552244656773
3,C - N -B - L,15.411395425839492,15.5,0.08860457416050771
3,C - N -B - L,15.412333265642301,15.5,0.08766673435769867
3,C - N -B - L,15.5226060195305,15.5,0.022606019530499566
3,C - N -B - L,15.5275994191136,15.5,0.02759941911359931
3,C - N -B - L,15.481305887496475,15.5,0.018694112503524707
3,C - N -B - L,15.535118759142087,15.5,0.03511875914208673
3,C - N -B - L,15.70639265834727,15.5,0.20639265834726928
3,C - N -B - L,15.463003602975803,15.5,0.03699639702419688
3,C - N -B - L,15.634893610087524,15.5,0.13489361008752354
3,C - N -B - L,15.710840536281761,15.5,0.21084053628176136
3,C - N -B - L,15.598574425294258,15.5,0.09857442529425775
3,C - N -B - L,15.43421767120832,15.5,0.06578232879168056
3,C - N -B - L,15.37951827324451,15.5,0.1204817267554894
3,C - N -B - L,15.752010146708125,15.5,0.25201014670812505
3,C - N -B - L,15.61183147329358,15.5,0.11183147329358079
3,C - N -B - L,15.550870055899361,15.5,0.05087005589936133
3,C - N -B - L,15.692868081617092,15.5,0.19286808161709246
3,C - N -B - L,15.363112079464731,15.5,0.1368879205352691
3,C - N -B - L,15.516847214384343,15.5,0.016847214384343445
3,C - N -B - L,15.403275407182356,15.5,0.0967245928176439
3,C - N -B - L,15.629797592156716,15.5,0.1297975921567165
3,C - N -B - L,15.437755071705178,15.5,0.06224492829482209
3,C - N -B - L,15.244398711134401,15.5,0.2556012888655985
